"Pickup address";"Ride price";"Booking fee";"Tip";"Payment method";"Distance";"Order date";"Time of Order";"Payment date";"Time of Payment"
"Sonia Lane, Nairobi";470.0;22.57;0.0;"Cash";11.0;"2023-01-31";"20:45:00";"2023-01-31";"21:16:00"
"Syokimau, Nairobi";680.0;32.25;0.0;"Cash";17.0;"2023-01-31";"19:51:00";"2023-01-31";"20:29:00"
"Kipande Athumani Street, Nairobi";1250.0;55.88;0.0;"Cash";0.0;"2023-01-31";"17:09:00";"2023-01-31";"17:25:00"
"Flamingo Avenue 1544, Nairobi";570.0;27.23;0.0;"Cash";11.0;"2023-01-31";"16:29:00";"2023-01-31";"17:01:00"
"Road, Nairobi";520.0;24.69;0.0;"Cash";12.0;"2023-01-31";"16:01:00";"2023-01-31";"16:28:00"
"53 Butere Road, Nairobi, Kenya";770.0;35.8;0.0;"Cash";19.0;"2023-01-31";"14:03:00";"2023-01-31";"14:49:00"
"Sore Drive, Nairobi";210.0;9.94;0.0;"Cash";4.0;"2023-01-31";"13:37:00";"2023-01-31";"13:52:00"
"360 Lane, Kenya";680.0;31.96;0.0;"Cash";17.0;"2023-01-31";"13:08:00";"2023-01-31";"13:35:00"
"Terminal 1E, Nairobi Jomo Kenyatta Airport (NBO)";520.0;24.82;0.0;"Cash";9.0;"2023-01-31";"11:30:00";"2023-01-31";"11:55:00"
"Riviera Gardens, Nairobi";190.0;9.0;0.0;"Cash";0.0;"2023-01-31";"10:04:00";"2023-01-31";"10:11:00"
"Centenary House, Riverside Westlands Lane, Nairobi";310.0;14.67;0.0;"Cash";5.0;"2023-01-31";"09:25:00";"2023-01-31";"09:54:00"
"United Nations Crescent 74, Nairobi";480.0;22.84;0.0;"Cash";10.0;"2023-01-31";"08:43:00";"2023-01-31";"09:07:00"
"Savannah Road, Nairobi";830.0;38.9;0.0;"Cash";18.0;"2023-01-31";"07:39:00";"2023-01-31";"08:41:00"
"Eastleigh North, Nairobi City";480.0;22.81;0.0;"Cash";12.0;"2023-01-29";"19:03:00";"2023-01-29";"19:36:00"
"Alozi Estate Road 2, Nairobi";410.0;19.57;0.0;"Cash";8.0;"2023-01-29";"18:40:00";"2023-01-29";"19:04:00"
"Mathare North Road, Nairobi";270.0;12.62;0.0;"Cash";4.0;"2023-01-29";"18:25:00";"2023-01-29";"18:38:00"
"Koinage Street Finance House, Nairobi";430.0;20.68;0.0;"Cash";10.0;"2023-01-29";"18:04:00";"2023-01-29";"18:24:00"
"Langata Road, Nairobi";950.0;44.4;0.0;"Cash";19.0;"2023-01-29";"16:40:00";"2023-01-29";"17:51:00"
"Terminal 1E, Nairobi Jomo Kenyatta Airport (NBO)";750.0;34.67;0.0;"Cash";20.0;"2023-01-29";"15:42:00";"2023-01-29";"16:17:00"
"Lantana Road, Nairobi";970.0;39.92;0.0;"Bolt Payment";21.0;"2023-01-29";"14:55:00";"2023-01-29";"15:35:00"
"Westlands Commercial Centre, Ring Road Parklands, Nairobi";190.0;9.0;0.0;"Cash";3.0;"2023-01-29";"14:34:00";"2023-01-29";"14:48:00"
"Telagen Gardens Apartments, Hatheru Road, Nairobi, Kenya";390.0;18.54;0.0;"Cash";8.0;"2023-01-29";"14:15:00";"2023-01-29";"14:33:00"
"Sergeant Kahande Street";630.0;29.82;0.0;"Cash";13.0;"2023-01-29";"13:31:00";"2023-01-29";"14:05:00"
"THE DIEVAS SUPERMARKET, Embakasi, Nairobi, Kenya";580.0;27.53;0.0;"Cash";14.0;"2023-01-29";"12:51:00";"2023-01-29";"13:29:00"
"Terminal 1E, Nairobi Jomo Kenyatta Airport (NBO)";500.0;23.59;0.0;"Cash";12.0;"2023-01-29";"12:15:00";"2023-01-29";"12:39:00"
"Bima Road, Nairobi";650.0;31.18;0.0;"Cash";19.0;"2023-01-29";"10:27:00";"2023-01-29";"10:56:00"
"Kenyatta Avenue, Nairobi";770.0;35.92;0.0;"Cash";20.0;"2023-01-29";"09:32:00";"2023-01-29";"10:11:00"
"ParallelFour, Total/Strathmore, Nairobi, Kenya";280.0;13.37;0.0;"Cash";5.0;"2023-01-29";"09:13:00";"2023-01-29";"09:30:00"
"Doonholm Road, Nairobi";430.0;20.28;0.0;"Cash";8.0;"2023-01-29";"07:35:00";"2023-01-29";"08:01:00"
"First Avenue Eastleigh, Nairobi";400.0;19.18;0.0;"Cash";8.0;"2023-01-28";"21:54:00";"2023-01-28";"22:13:00"
"South B, Nairobi";340.0;16.19;0.0;"Cash";7.0;"2023-01-28";"21:30:00";"2023-01-28";"21:52:00"
"DG OASIS, Muhoho Road, Nairobi, Kenya";310.0;14.91;0.0;"Cash";6.0;"2023-01-28";"21:08:00";"2023-01-28";"21:29:00"
"Capital Centre, Mombasa Road, Nairobi";230.0;11.03;0.0;"Cash";3.0;"2023-01-28";"20:41:00";"2023-01-28";"21:07:00"
"Nairobi, Kenya";190.0;9.0;0.0;"Cash";2.0;"2023-01-28";"20:32:00";"2023-01-28";"20:37:00"
"Captain Mungai Street, Nairobi";600.0;28.7;0.0;"Cash";9.0;"2023-01-28";"19:37:00";"2023-01-28";"20:27:00"
"Nairobi South, Nairobi";320.0;15.28;0.0;"Cash";4.0;"2023-01-28";"19:20:00";"2023-01-28";"19:37:00"
"Likoni Road South B, Nairobi";210.0;10.13;0.0;"Cash";4.0;"2023-01-28";"18:59:00";"2023-01-28";"19:16:00"
"Akiba United 78, Unnamed Road, Nairobi, Kenya";220.0;10.55;0.0;"Cash";4.0;"2023-01-28";"18:15:00";"2023-01-28";"18:31:00"
"City Hall Way, Nairobi";260.0;12.49;0.0;"Cash";4.0;"2023-01-28";"17:54:00";"2023-01-28";"18:11:00"
"Terminal 1E, Nairobi Jomo Kenyatta Airport (NBO)";750.0;35.93;0.0;"Cash";17.0;"2023-01-28";"17:26:00";"2023-01-28";"17:53:00"
"Yare Plaza Eastleigh, Nairobi";1020.0;42.63;0.0;"Cash";20.0;"2023-01-28";"16:30:00";"2023-01-28";"17:25:00"
"Kiganjo Avenue, Nairobi";380.0;18.14;0.0;"Cash";7.0;"2023-01-28";"15:48:00";"2023-01-28";"16:30:00"
"Donholm, Nairobi";590.0;27.98;0.0;"Cash";12.0;"2023-01-28";"15:16:00";"2023-01-28";"15:48:00"
"Kaloleni Social Hall, Nairobi";510.0;24.23;0.0;"Cash";8.0;"2023-01-28";"14:46:00";"2023-01-28";"15:16:00"
"Kodi (I) Road, Nairobi";370.0;17.64;0.0;"Cash";5.0;"2023-01-28";"14:26:00";"2023-01-28";"14:45:00"
"Zanzibar Homes 21, Zanzibar Road, Nairobi, Kenya";310.0;14.99;0.0;"Cash";3.0;"2023-01-28";"14:08:00";"2023-01-28";"14:26:00"
"Taifa Road Reinsurance Plaza, Nairobi";290.0;13.59;0.0;"Cash";4.0;"2023-01-28";"13:42:00";"2023-01-28";"14:03:00"
"Langata Road 229, Nairobi";320.0;15.39;0.0;"Cash";6.0;"2023-01-28";"13:22:00";"2023-01-28";"13:42:00"
"Dagoretti Road Karen The Hub, Nairobi";630.0;27.71;0.0;"Cash";14.0;"2023-01-28";"13:00:00";"2023-01-28";"13:18:00"
"Karuku Road, Nairobi";260.0;12.33;0.0;"Cash";6.0;"2023-01-28";"10:29:00";"2023-01-28";"10:42:00"
"Steers South C, Mombasa Road, Nairobi";190.0;9.0;0.0;"Cash";3.0;"2023-01-28";"10:16:00";"2023-01-28";"10:29:00"
"Wall Flower Apartments, Nairobi, Kenya";230.0;10.88;0.0;"Cash";4.0;"2023-01-28";"09:49:00";"2023-01-28";"10:08:00"
"Easy Prestige Apartments, Off Road Mombasa, Nairobi, Kenya";540.0;25.6;0.0;"Cash";12.0;"2023-01-28";"09:13:00";"2023-01-28";"09:48:00"
"Crystal Park Apartments, Katani Road, Syokimau, Nairobi, Kenya";390.0;14.04;0.0;"Cash";6.0;"2023-01-28";"08:01:00";"2023-01-28";"08:32:00"
"Savannah Road, Nairobi";490.0;23.16;0.0;"Cash";10.0;"2023-01-28";"07:23:00";"2023-01-28";"07:48:00"
"Gitanga Road, Nairobi";600.0;28.4;0.0;"Cash";14.0;"2023-01-25";"21:03:00";"2023-01-25";"21:40:00"
"Kariobangi North, Nairobi";740.0;34.62;0.0;"Cash";18.0;"2023-01-25";"20:03:00";"2023-01-25";"20:38:00"
"Nairobi, Kenya";510.0;24.12;0.0;"Cash";10.0;"2023-01-25";"19:17:00";"2023-01-25";"20:00:00"
"Naivas Supermarket - Mountain Mall Branch, Nairobi, Kenya";260.0;12.45;0.0;"Cash";4.0;"2023-01-25";"18:51:00";"2023-01-25";"19:14:00"
"Umoja, Nairobi";320.0;14.87;0.0;"Cash";5.0;"2023-01-25";"18:15:00";"2023-01-25";"18:34:00"
"General Waruingi Street, Nairobi";660.0;31.38;0.0;"Cash";16.0;"2023-01-25";"16:11:00";"2023-01-25";"16:57:00"
"Gandhi Avenue, Nairobi";390.0;18.62;0.0;"Cash";7.0;"2023-01-25";"15:41:00";"2023-01-25";"16:10:00"
"DTB Centre, Mombasa Road";250.0;11.61;0.0;"Cash";4.0;"2023-01-25";"15:31:00";"2023-01-25";"15:40:00"
"Great Wall Apartments, Beijing Road, Mlolongo";240.0;11.05;0.0;"Cash";4.0;"2023-01-25";"14:58:00";"2023-01-25";"15:14:00"
"Eldoret Drive, Nairobi";670.0;31.84;0.0;"Cash";18.0;"2023-01-25";"13:55:00";"2023-01-25";"14:43:00"
"Terminal 1E, Nairobi Jomo Kenyatta Airport (NBO)";510.0;24.47;0.0;"Cash";12.0;"2023-01-25";"13:20:00";"2023-01-25";"13:52:00"
"Mombasa Road, Nairobi";290.0;14.03;0.0;"Cash";6.0;"2023-01-25";"12:19:00";"2023-01-25";"12:32:00"
"Grevillea Lane, Nairobi";190.0;9.0;0.0;"Cash";1.0;"2023-01-25";"12:05:00";"2023-01-25";"12:18:00"
"Dunga Close, Nairobi";390.0;18.59;0.0;"Bolt Payment";9.0;"2023-01-25";"11:32:00";"2023-01-25";"11:50:00"
"Kabiyeti Road, Nairobi";190.0;9.0;0.0;"Cash";2.0;"2023-01-25";"11:10:00";"2023-01-25";"11:22:00"
"Bogani East Road, Nairobi";460.0;21.48;0.0;"Cash";6.0;"2023-01-25";"10:45:00";"2023-01-25";"11:03:00"
"Uchumi 145, Nairobi";420.0;20.22;0.0;"Cash";10.0;"2023-01-25";"09:56:00";"2023-01-25";"10:20:00"
"Vision Plaza Parking Lot, Mombasa Road, Nairobi";490.0;23.08;0.0;"Cash";10.0;"2023-01-25";"08:32:00";"2023-01-25";"09:18:00"
"Amalia Apartments - Syokimau, Chady Road, Nairobi, Kenya";450.0;20.96;0.0;"Cash";9.0;"2023-01-25";"08:00:00";"2023-01-25";"08:27:00"
"Green Court, Nairobi";640.0;30.35;0.0;"Cash";13.0;"2023-01-25";"07:16:00";"2023-01-25";"07:53:00"
"Kaunda Street 5, Nairobi";720.0;33.5;0.0;"Cash";17.0;"2023-01-24";"21:26:00";"2023-01-24";"21:59:00"
"Wood Avenue, Nairobi";210.0;10.0;0.0;"Cash";2.0;"2023-01-24";"21:00:00";"2023-01-24";"21:11:00"
"Silver Harbor apartments, Nairobi";340.0;16.29;0.0;"Cash";6.0;"2023-01-24";"20:13:00";"2023-01-24";"20:37:00"
"Malo malo Restaurant & Sports Lounge, Nairobi, Kenya";190.0;9.0;0.0;"Cash";2.0;"2023-01-24";"19:45:00";"2023-01-24";"19:55:00"
"Margaret Wambui Kenyatta Road, Nairobi";210.0;10.14;0.0;"Bolt Payment";3.0;"2023-01-24";"19:25:00";"2023-01-24";"19:41:00"
"General Mathenge Road, Nairobi";440.0;21.11;0.0;"Cash";8.0;"2023-01-24";"18:28:00";"2023-01-24";"19:00:00"
"Muhoho Avenue 123, Nairobi";560.0;26.49;0.0;"Cash";8.0;"2023-01-24";"17:28:00";"2023-01-24";"18:27:00"
"Muhoho Avenue, Nairobi";190.0;9.0;0.0;"Cash";2.0;"2023-01-24";"16:50:00";"2023-01-24";"17:06:00"
"Butere Road, Nairobi";200.0;9.37;0.0;"Cash";3.0;"2023-01-24";"16:32:00";"2023-01-24";"16:48:00"
"MP Shah Hospital, Nairobi";380.0;18.06;0.0;"Cash";7.0;"2023-01-24";"15:27:00";"2023-01-24";"16:16:00"
"Kiambu Road Ciata Mall, Nairobi";410.0;19.26;0.0;"Cash";9.0;"2023-01-24";"14:52:00";"2023-01-24";"15:17:00"
"Muthithi Road 65, Nairobi";390.0;18.4;0.0;"Cash";9.0;"2023-01-24";"13:46:00";"2023-01-24";"14:07:00"
"Elgon Road, Nairobi";380.0;17.82;0.0;"Cash";7.0;"2023-01-24";"12:58:00";"2023-01-24";"13:27:00"
"Banda Street JKUAT Towers, Nairobi";230.0;10.68;0.0;"Cash";3.0;"2023-01-24";"12:14:00";"2023-01-24";"12:31:00"
"Mwingi Road, Nairobi";320.0;15.25;0.0;"Cash";5.0;"2023-01-24";"11:40:00";"2023-01-24";"12:11:00"
"Gitanga Road, Nairobi";190.0;9.0;0.0;"Cash";2.0;"2023-01-24";"11:14:00";"2023-01-24";"11:31:00"
"Ruaka, Kenya";630.0;29.89;0.0;"Cash";15.0;"2023-01-24";"10:17:00";"2023-01-24";"10:50:00"
"Nyasi Lane, Nairobi";550.0;26.04;0.0;"Cash";11.0;"2023-01-24";"07:45:00";"2023-01-24";"08:36:00"
"Nairobi, Kenya";530.0;25.17;0.0;"Cash";6.0;"2023-01-24";"07:03:00";"2023-01-24";"07:43:00"
"Mara Savanah Chicken Cool, Nairobi City, Kenya";500.0;23.92;0.0;"Cash";11.0;"2023-01-24";"06:39:00";"2023-01-24";"07:05:00"
"Langata Road, Nairobi";290.0;13.42;0.0;"Cash";5.0;"2023-01-23";"08:24:00";"2023-01-23";"08:51:00"
"Nasra Gardens Estate, Kayole Spine Road, Nairobi";550.0;26.03;0.0;"Cash";11.0;"2023-01-23";"07:30:00";"2023-01-23";"08:16:00"
"87 Parklands Road, Nairobi, Kenya";650.0;30.78;0.0;"Cash";17.0;"2023-01-23";"06:24:00";"2023-01-23";"07:09:00"
"Doonholm Road, Nairobi";620.0;29.55;0.0;"Cash";15.0;"2023-01-23";"06:00:00";"2023-01-23";"06:29:00"
"Quiver Lounge - Thika Road, Thika Road, Nairobi";460.0;21.94;0.0;"Cash";11.0;"2023-01-22";"21:01:00";"2023-01-22";"21:24:00"
"Lumumba 1st Avenue, Nairobi";280.0;12.97;0.0;"Cash";4.0;"2023-01-22";"20:47:00";"2023-01-22";"20:58:00"
"Greystone apartments, Mtama Road, Nairobi, Kenya";500.0;23.67;0.0;"Cash";11.0;"2023-01-22";"19:43:00";"2023-01-22";"20:07:00"
"9th Street, Nairobi, Kenya";400.0;19.2;0.0;"Cash";7.0;"2023-01-22";"19:07:00";"2023-01-22";"19:41:00"
"Limuru Road , Two Rivers Mall";760.0;33.48;0.0;"Cash";14.0;"2023-01-22";"17:53:00";"2023-01-22";"19:03:00"
"Limuru Road, Nairobi";660.0;31.26;0.0;"Cash";14.0;"2023-01-22";"15:36:00";"2023-01-22";"16:18:00"
"Ole Villas, Nairobi";630.0;27.6;0.0;"Cash";13.0;"2023-01-22";"14:11:00";"2023-01-22";"14:48:00"
"Nairobi, Kenya";490.0;22.96;0.0;"Cash";11.0;"2023-01-22";"13:34:00";"2023-01-22";"14:04:00"
"Likoni Road, Nairobi";230.0;10.92;0.0;"Cash";4.0;"2023-01-22";"13:20:00";"2023-01-22";"13:34:00"
"Golf View Apartments, Mucai Drive, Nairobi";410.0;19.52;0.0;"Cash";9.0;"2023-01-22";"12:58:00";"2023-01-22";"13:19:00"
"Nairobi Baptist Church, Ngong Road, Nairobi";190.0;9.0;0.0;"Cash";1.0;"2023-01-22";"12:27:00";"2023-01-22";"12:37:00"
"Beatriz La Roca Apartments, Nairobi, Kenya";790.0;37.45;0.0;"Cash";18.0;"2023-01-22";"11:44:00";"2023-01-22";"12:24:00"
"Lumumba Drive, Nairobi";240.0;11.63;0.0;"Cash";4.0;"2023-01-22";"11:31:00";"2023-01-22";"11:44:00"
"East Church Road, Nairobi";630.0;29.84;0.0;"Cash";16.0;"2023-01-22";"10:58:00";"2023-01-22";"11:29:00"
"Umoja, Nairobi";690.0;32.33;0.0;"Cash";16.0;"2023-01-22";"10:27:00";"2023-01-22";"10:57:00"
"Akila Police Post, Nairobi";560.0;26.39;0.0;"Cash";13.0;"2023-01-22";"10:01:00";"2023-01-22";"10:26:00"
"House of Leather and Gifts, Kilimani Road, Nairobi";410.0;19.14;0.0;"Cash";8.0;"2023-01-22";"09:40:00";"2023-01-22";"09:58:00"
"Sonia Lane, Nairobi";460.0;21.48;0.0;"Cash";9.0;"2023-01-22";"09:07:00";"2023-01-22";"09:29:00"
"Mama Wahu Road, Nairobi";450.0;21.04;0.0;"Cash";9.0;"2023-01-22";"08:11:00";"2023-01-22";"08:27:00"
"Equity Bank Donholm, Nairobi, Kenya";860.0;39.07;0.0;"Cash";22.0;"2023-01-22";"07:28:00";"2023-01-22";"08:04:00"
"Thika Road, Nairobi";640.0;30.28;0.0;"Cash";14.0;"2023-01-21";"18:15:00";"2023-01-21";"18:55:00"
"Huruma Road 15, Nairobi";360.0;17.04;0.0;"Cash";5.0;"2023-01-21";"16:28:00";"2023-01-21";"17:01:00"
"Muindi Mbingu Street, Nairobi";470.0;22.42;0.0;"Cash";9.0;"2023-01-21";"16:02:00";"2023-01-21";"16:32:00"
"Ofafa, Nairobi";520.0;24.94;0.0;"Cash";12.0;"2023-01-21";"12:23:00";"2023-01-21";"13:08:00"
"Doonholm Road, Nairobi";250.0;11.61;0.0;"Cash";3.0;"2023-01-21";"10:51:00";"2023-01-21";"11:22:00"
"Rabai Road, Nairobi";340.0;16.13;0.0;"Cash";7.0;"2023-01-21";"09:27:00";"2023-01-21";"09:58:00"
"Sumba Road, Nairobi";520.0;24.61;0.0;"Cash";12.0;"2023-01-21";"08:38:00";"2023-01-21";"09:10:00"
"Park Road, Nairobi";280.0;13.17;0.0;"Cash";6.0;"2023-01-21";"08:17:00";"2023-01-21";"08:34:00"
"C.G.H.U. Parklands Secondary School, Nairobi";270.0;12.65;0.0;"Cash";5.0;"2023-01-21";"08:00:00";"2023-01-21";"08:15:00"
"Donholm Road, Nairobi";620.0;29.07;0.0;"Cash";15.0;"2023-01-21";"07:33:00";"2023-01-21";"07:58:00"
"Caltex Road, Nairobi";800.0;37.21;0.0;"Cash";19.0;"2023-01-20";"07:50:00";"2023-01-20";"08:20:00"
"Galleria Shopping Mall, Nairobi";1010.0;45.73;0.0;"Cash";21.0;"2023-01-19";"13:28:00";"2023-01-19";"14:09:00"
"Block -2B, Nairobi";290.0;13.46;0.0;"Cash";5.0;"2023-01-19";"12:45:00";"2023-01-19";"13:17:00"
"Mkoma Road, Nairobi";370.0;17.79;0.0;"Cash";8.0;"2023-01-19";"12:19:00";"2023-01-19";"12:36:00"
"Jadala Place, Ngong Lane, Nairobi";450.0;21.27;0.0;"Cash";9.0;"2023-01-19";"11:43:00";"2023-01-19";"12:15:00"
"Riverside Drive 50, Nairobi";320.0;15.24;0.0;"Cash";6.0;"2023-01-19";"10:54:00";"2023-01-19";"11:25:00"
"James Gichuru Road 90, Nairobi 00100";240.0;10.97;0.0;"Cash";3.0;"2023-01-19";"10:28:00";"2023-01-19";"10:40:00"
"Kilifi Close, Nairobi";500.0;23.78;0.0;"Cash";10.0;"2023-01-19";"08:19:00";"2023-01-19";"09:28:00"
"Savannah Road, Nairobi";420.0;19.86;0.0;"Cash";5.0;"2023-01-19";"07:41:00";"2023-01-19";"08:17:00"
"Mwanzi Road Westgate Mall, Nairobi 00100";1040.0;46.71;0.0;"Cash";27.0;"2023-01-18";"21:13:00";"2023-01-18";"22:03:00"
"Madina Estate, Nairobi";500.0;23.77;0.0;"Cash";10.0;"2023-01-18";"20:40:00";"2023-01-18";"21:09:00"
"Muiri Lane 36, Nairobi";510.0;23.89;0.0;"Cash";12.0;"2023-01-18";"19:55:00";"2023-01-18";"20:36:00"
"The Hub Karen, Dagoretti Road Nairobi, Nairobi";490.0;23.44;0.0;"Cash";10.0;"2023-01-18";"18:52:00";"2023-01-18";"19:18:00"
"Mweni Road, Nairobi";1020.0;48.63;0.0;"Cash";24.0;"2023-01-18";"16:46:00";"2023-01-18";"18:02:00"
"Arboretum Park Lane, Nairobi";370.0;17.6;0.0;"Cash";6.0;"2023-01-18";"15:33:00";"2023-01-18";"16:11:00"
"Kileleshwa, Nairobi";240.0;11.34;0.0;"Cash";4.0;"2023-01-18";"15:19:00";"2023-01-18";"15:36:00"
"Yaya Centre, Argwings Kodhek Rd, Nairobi";210.0;10.0;0.0;"Cash";3.0;"2023-01-18";"15:01:00";"2023-01-18";"15:17:00"
"Kirongothi Street, Nairobi";540.0;25.67;0.0;"Cash";12.0;"2023-01-18";"13:58:00";"2023-01-18";"14:43:00"
"Absolute P 1, Ngong Road, Nairobi";450.0;21.22;0.0;"Cash";9.0;"2023-01-18";"12:33:00";"2023-01-18";"13:09:00"
"Muringa Groove, Nairobi";230.0;10.83;0.0;"Cash";4.0;"2023-01-18";"11:17:00";"2023-01-18";"11:35:00"
"Mwanzi Road Westgate Mall, Nairobi 00100";420.0;19.66;0.0;"Cash";8.0;"2023-01-18";"10:54:00";"2023-01-18";"11:18:00"
"39 Muthithi Road, Nairobi, Kenya";190.0;9.0;0.0;"Cash";1.0;"2023-01-18";"10:26:00";"2023-01-18";"10:34:00"
"Leebarn B Estate, Nairobi, Kenya";460.0;21.87;0.0;"Cash";12.0;"2023-01-18";"08:53:00";"2023-01-18";"09:33:00"
"Donholm, Nairobi";540.0;25.56;0.0;"Cash";11.0;"2023-01-18";"08:13:00";"2023-01-18";"08:53:00"
"Mariakani Gardens, Nairobi";470.0;22.23;0.0;"Cash";11.0;"2023-01-18";"07:46:00";"2023-01-18";"08:13:00"
"Donholm Road, Nairobi";450.0;21.11;0.0;"Cash";8.0;"2023-01-18";"06:55:00";"2023-01-18";"07:34:00"
"Terminal 1E, Nairobi Jomo Kenyatta Airport (NBO)";1240.0;58.26;0.0;"Cash";29.0;"2023-01-17";"17:52:00";"2023-01-17";"18:47:00"
"Karuri Gakure Road 117, Nairobi";760.0;31.33;0.0;"Cash";16.0;"2023-01-17";"16:58:00";"2023-01-17";"17:39:00"
"Hatheru Road, Nairobi";480.0;22.52;0.0;"Cash";9.0;"2023-01-17";"16:25:00";"2023-01-17";"16:59:00"
"Mama Ngina Street 20TH Century House, Nairobi";490.0;23.32;0.0;"Cash";9.0;"2023-01-17";"15:27:00";"2023-01-17";"16:14:00"
"Ngong Road Next To Nakumatt Prestige, Opposite Morningside Office Park, Ngong Rd, Nairobi, Nairobi";340.0;16.11;0.0;"Cash";6.0;"2023-01-17";"14:54:00";"2023-01-17";"15:26:00"
"Maziwa";190.0;9.0;0.0;"Cash";2.0;"2023-01-17";"14:33:00";"2023-01-17";"14:45:00"
"Sasyl Apartment Houses, Nairobi, Kenya";200.0;9.37;0.0;"Cash";3.0;"2023-01-17";"14:16:00";"2023-01-17";"14:31:00"
"Huri Close, Nairobi";200.0;9.5;0.0;"Cash";4.0;"2023-01-17";"13:44:00";"2023-01-17";"14:05:00"
"Hatheru Apartments, Nairobi, Kenya";220.0;10.59;0.0;"Cash";4.0;"2023-01-17";"13:26:00";"2023-01-17";"13:40:00"
"Ramisi 18, Nairobi";190.0;9.0;0.0;"Cash";1.0;"2023-01-17";"13:05:00";"2023-01-17";"13:23:00"
"Maziwa, Nairobi";190.0;9.0;0.0;"Cash";2.0;"2023-01-17";"12:46:00";"2023-01-17";"12:56:00"
"Muthithi Road 30, Nairobi";350.0;16.57;0.0;"Cash";7.0;"2023-01-17";"12:01:00";"2023-01-17";"12:28:00"
"TotalEnergies Rosslyn Service Station, Limuru Road, Ruaka, Kenya";330.0;15.66;0.0;"Bolt Payment";7.0;"2023-01-17";"10:39:00";"2023-01-17";"10:59:00"
"Doonholm Road, Nairobi";850.0;39.43;0.0;"Cash";17.0;"2023-01-17";"07:50:00";"2023-01-17";"08:59:00"
"Kasarani Constituency, Nairobi";760.0;35.39;0.0;"Cash";20.0;"2023-01-15";"21:35:00";"2023-01-15";"22:05:00"
"Terminal 1E, Nairobi Jomo Kenyatta Airport (NBO)";1220.0;54.47;0.0;"Cash";29.0;"2023-01-15";"20:07:00";"2023-01-15";"21:01:00"
"Sky View, Ring Road Kilimani, Nairobi";1180.0;51.06;0.0;"Cash";20.0;"2023-01-15";"19:17:00";"2023-01-15";"19:56:00"
"Ziana Springs Apartments, Nairobi, Kenya";190.0;9.0;0.0;"Cash";1.0;"2023-01-15";"16:48:00";"2023-01-15";"16:55:00"
"Waiyaki Way, Nairobi";350.0;16.44;0.0;"Cash";6.0;"2023-01-15";"15:57:00";"2023-01-15";"16:19:00"
"Kawangware, Nairobi";540.0;25.26;0.0;"Cash";8.0;"2023-01-15";"15:23:00";"2023-01-15";"15:56:00"
"Argwings Kodhek Road, Nairobi";200.0;9.74;0.0;"Cash";4.0;"2023-01-15";"14:57:00";"2023-01-15";"15:13:00"
"Kaputei Road, Nairobi";210.0;10.0;0.0;"Bolt Payment";2.0;"2023-01-15";"14:29:00";"2023-01-15";"14:45:00"
"Ngumba Hawk apartments, Nairobi, Kenya";720.0;33.45;0.0;"Cash";16.0;"2023-01-15";"13:35:00";"2023-01-15";"14:14:00"
"Balozi Estate, Nairobi";210.0;10.06;0.0;"Cash";3.0;"2023-01-15";"13:08:00";"2023-01-15";"13:27:00"
"Kahawa South, Nairobi";310.0;14.64;0.0;"Cash";5.0;"2023-01-15";"12:13:00";"2023-01-15";"12:34:00"
"Terminal 1E, Nairobi Jomo Kenyatta Airport (NBO)";1040.0;46.85;0.0;"Cash";25.0;"2023-01-15";"11:16:00";"2023-01-15";"11:53:00"
"Cieko Road, Nairobi";1190.0;49.25;0.0;"Cash";26.0;"2023-01-15";"10:15:00";"2023-01-15";"11:03:00"
"Kasarani Police Station, Kasarani Mwiki Road, Nairobi";240.0;11.2;0.0;"Cash";4.0;"2023-01-15";"09:53:00";"2023-01-15";"10:07:00"
"Nairobi, Kenya";200.0;9.66;0.0;"Cash";3.0;"2023-01-15";"09:41:00";"2023-01-15";"09:53:00"
"Ruiru, Kenya";560.0;26.88;0.0;"Cash";14.0;"2023-01-15";"09:06:00";"2023-01-15";"09:40:00"
"Juja 00232, Kenya";440.0;21.09;0.0;"Cash";11.0;"2023-01-15";"08:41:00";"2023-01-15";"09:09:00"
"ICIPE Road, Nairobi";940.0;42.5;0.0;"Cash";24.0;"2023-01-15";"07:03:00";"2023-01-15";"07:27:00"
"Equity Bank Donholm, Nairobi, Kenya";370.0;17.3;0.0;"Cash";8.0;"2023-01-15";"06:11:00";"2023-01-15";"06:32:00"
"Camp David Car Wash, Nairobi, Kenya";510.0;24.09;0.0;"Cash";12.0;"2023-01-14";"05:21:00";"2023-01-14";"05:45:00"
"Kamiti Road, Nairobi";210.0;9.98;0.0;"Cash";3.0;"2023-01-14";"05:07:00";"2023-01-14";"05:18:00"
"Kahawa South, Nairobi";470.0;22.37;0.0;"Cash";7.0;"2023-01-13";"19:55:00";"2023-01-13";"20:36:00"
"Tom Mboya Street El-Roi Plaza, Nairobi";1140.0;46.16;0.0;"Cash";27.0;"2023-01-13";"12:54:00";"2023-01-13";"13:34:00"
"Eastleigh 2nd Avenue, Nairobi";410.0;17.46;0.0;"Cash";6.0;"2023-01-13";"12:05:00";"2023-01-13";"12:49:00"
"Westlands Road 4, Nairobi";350.0;15.15;0.0;"Cash";7.0;"2023-01-13";"11:43:00";"2023-01-13";"12:04:00"
"General Waruingi Street, Nairobi";310.0;13.19;0.0;"Cash";6.0;"2023-01-13";"10:48:00";"2023-01-13";"11:13:00"
"Mara Road KMA CENTRE, Nairobi";400.0;17.17;0.0;"Cash";8.0;"2023-01-13";"10:24:00";"2023-01-13";"10:47:00"
"Marimbi Street";340.0;14.67;0.0;"Cash";7.0;"2023-01-13";"10:02:00";"2023-01-13";"10:22:00"
"Nyayo Estate Embakasi Gate A, Nairobi, Kenya";730.0;30.99;0.0;"Cash";14.0;"2023-01-13";"09:13:00";"2023-01-13";"10:00:00"
"Bumi Road, Nairobi";540.0;23.25;0.0;"Cash";13.0;"2023-01-13";"08:20:00";"2023-01-13";"08:48:00"
"Bumbani Road 400, Nairobi";500.0;21.44;0.0;"Cash";10.0;"2023-01-13";"07:47:00";"2023-01-13";"08:19:00"
"Savannah Road, Nairobi";330.0;14.35;0.0;"Cash";6.0;"2023-01-13";"07:10:00";"2023-01-13";"07:44:00"
"Mombasa Road, Nairobi";610.0;26.28;0.0;"Cash";12.0;"2023-01-12";"18:17:00";"2023-01-12";"19:02:00"
"Nairobi, Kenya";190.0;8.06;0.0;"Cash";2.0;"2023-01-12";"17:59:00";"2023-01-12";"18:11:00"
"Nairobi, Kenya";210.0;8.96;0.0;"Cash";1.0;"2023-01-12";"17:48:00";"2023-01-12";"17:57:00"
"Fourways, Nairobi";750.0;31.76;0.0;"Cash";1.0;"2023-01-12";"16:59:00";"2023-01-12";"17:39:00"
"Kiambu County, Kenya";250.0;10.81;0.0;"Cash";3.0;"2023-01-12";"16:29:00";"2023-01-12";"16:46:00"
"Kiambu Road, Kiambu";220.0;9.41;0.0;"Cash";4.0;"2023-01-12";"16:05:00";"2023-01-12";"16:21:00"
"Kiambu, Kenya";300.0;12.83;0.0;"Cash";4.0;"2023-01-12";"15:00:00";"2023-01-12";"15:22:00"
"Chaka Road 3rd, Nairobi";760.0;32.08;0.0;"Cash";18.0;"2023-01-12";"13:31:00";"2023-01-12";"14:30:00"
"Koinage Street 19, Nairobi";260.0;11.29;0.0;"Cash";5.0;"2023-01-12";"12:16:00";"2023-01-12";"12:36:00"
"Taidy's Tavern Upperhill, Mawensi Road, Nairobi, Kenya";260.0;11.22;0.0;"Cash";4.0;"2023-01-12";"12:04:00";"2023-01-12";"12:16:00"
"Kirinyaga Road, Nairobi";270.0;11.47;0.0;"Cash";4.0;"2023-01-12";"11:19:00";"2023-01-12";"11:41:00"
"Trademark Hotel, The Village Market";450.0;19.23;0.0;"Cash";10.0;"2023-01-12";"10:51:00";"2023-01-12";"11:18:00"
"Kasarani Mwiki Road 5, Nairobi";660.0;28.31;0.0;"Cash";16.0;"2023-01-12";"10:10:00";"2023-01-12";"10:46:00"
"Kahawa South, Nairobi";340.0;14.51;0.0;"Cash";6.0;"2023-01-12";"08:56:00";"2023-01-12";"09:31:00"
"Doonholm Road, Nairobi";1200.0;48.16;0.0;"Cash";28.0;"2023-01-12";"07:13:00";"2023-01-12";"07:55:00"
"City Hall Way, Nairobi";340.0;14.52;0.0;"Cash";7.0;"2023-01-11";"15:11:00";"2023-01-11";"15:45:00"
"Hazina Estate, Nairobi";520.0;22.26;0.0;"Bolt Payment";9.0;"2023-01-11";"13:33:00";"2023-01-11";"14:34:00"
"Black Spot, Nairobi";210.0;8.96;0.0;"Cash";1.0;"2023-01-11";"13:13:00";"2023-01-11";"13:26:00"
"Ole Sangale Road 99A, Nairobi";190.0;8.06;0.0;"Cash";3.0;"2023-01-11";"12:49:00";"2023-01-11";"13:07:00"
"Haile Selassie Avenue, Nairobi";330.0;14.17;0.0;"Cash";4.0;"2023-01-11";"12:02:00";"2023-01-11";"12:21:00"
"Woodvale Grove Fortis Tower, Nairobi";260.0;11.29;0.0;"Cash";4.0;"2023-01-11";"11:27:00";"2023-01-11";"11:47:00"
"Credible Sounds, Moi Avenue, Nairobi, Kenya";280.0;11.86;0.0;"Cash";4.0;"2023-01-11";"10:38:00";"2023-01-11";"10:56:00"
"Masjid Noor- South C, Muhoho Ave, Nairobi, Kenya";310.0;13.34;0.0;"Cash";4.0;"2023-01-11";"10:15:00";"2023-01-11";"10:37:00"
"Nairobi, Kenya";190.0;8.06;0.0;"Cash";2.0;"2023-01-11";"10:00:00";"2023-01-11";"10:10:00"
"KFC Eastleigh, Genereal Waruingi Street, Nairobi";400.0;17.28;0.0;"Cash";13.0;"2023-01-11";"09:30:00";"2023-01-11";"10:00:00"
"City Park Crescent, Nairobi";300.0;12.89;0.0;"Cash";5.0;"2023-01-11";"09:11:00";"2023-01-11";"09:30:00"
"Muratina Street, Nairobi";270.0;11.43;0.0;"Cash";5.0;"2023-01-11";"08:44:00";"2023-01-11";"09:00:00"
"Kenya National Archives, Tom Mboya Street, Nairobi";310.0;13.17;0.0;"Cash";5.0;"2023-01-11";"08:23:00";"2023-01-11";"08:43:00"
"Mawensi Road 100, Nairobi";230.0;9.66;0.0;"Cash";2.0;"2023-01-11";"08:07:00";"2023-01-11";"08:23:00"
"Savannah Road, Nairobi";640.0;27.6;0.0;"Cash";11.0;"2023-01-11";"07:20:00";"2023-01-11";"08:03:00"
"Major Jackson Muirithi Street, Nairobi";440.0;19.08;0.0;"Cash";7.0;"2023-01-10";"19:26:00";"2023-01-10";"20:06:00"
"Moi Avenue, Nairobi";320.0;13.76;0.0;"Cash";4.0;"2023-01-10";"18:46:00";"2023-01-10";"19:16:00"
"Mkonge Road, Nairobi";300.0;13.05;0.0;"Cash";3.0;"2023-01-10";"18:12:00";"2023-01-10";"18:44:00"
"Wood Avenue, Nairobi";540.0;23.13;0.0;"Cash";9.0;"2023-01-10";"17:19:00";"2023-01-10";"18:13:00"
"Timboroa Street, Nairobi";520.0;22.51;0.0;"Cash";12.0;"2023-01-10";"16:11:00";"2023-01-10";"16:53:00"
"Sasuma Crescent, Nairobi";620.0;26.49;0.0;"Cash";13.0;"2023-01-10";"15:25:00";"2023-01-10";"16:10:00"
"Hospital Road, Nairobi Club";480.0;20.4;0.0;"Cash";12.0;"2023-01-10";"14:06:00";"2023-01-10";"14:26:00"
"Moi Avenue Bazaar Plaza, Nairobi";260.0;11.1;0.0;"Cash";4.0;"2023-01-10";"13:45:00";"2023-01-10";"14:06:00"
"Muthangari, Nairobi";460.0;19.74;0.0;"Cash";8.0;"2023-01-10";"13:02:00";"2023-01-10";"13:45:00"
"Woodvale Close, Nairobi";210.0;8.96;0.0;"Cash";3.0;"2023-01-10";"12:47:00";"2023-01-10";"12:59:00"
"Nairobi Central, Nairobi";290.0;12.63;0.0;"Cash";4.0;"2023-01-10";"12:02:00";"2023-01-10";"12:26:00"
"Entrance Pramukh Swami Ave, Diamond Plaza Parklands";300.0;12.76;0.0;"Cash";5.0;"2023-01-10";"11:26:00";"2023-01-10";"12:01:00"
"Mwanzi Road Westgate Mall, Nairobi 00100";220.0;9.53;0.0;"Cash";3.0;"2023-01-10";"11:05:00";"2023-01-10";"11:18:00"
"Mweni Road, Nairobi";370.0;15.78;0.0;"Cash";6.0;"2023-01-10";"10:40:00";"2023-01-10";"11:03:00"
"City Park Close Two, Nairobi";250.0;10.72;0.0;"Cash";4.0;"2023-01-10";"10:13:00";"2023-01-10";"10:31:00"
"Muslim Road, Nairobi";280.0;11.89;0.0;"Cash";5.0;"2023-01-10";"09:55:00";"2023-01-10";"10:13:00"
"Nairobi, Kenya";410.0;17.66;0.0;"Cash";7.0;"2023-01-10";"09:09:00";"2023-01-10";"09:51:00"
"Kangethe Green, Nairobi";250.0;10.84;0.0;"Cash";4.0;"2023-01-10";"08:17:00";"2023-01-10";"08:49:00"
"Gatonye Court 198, Nairobi";800.0;34.16;0.0;"Cash";16.0;"2023-01-10";"07:20:00";"2023-01-10";"08:17:00"
"Nairobi, Kenya";440.0;19.02;0.0;"Cash";8.0;"2023-01-08";"15:03:00";"2023-01-08";"15:39:00"
"Pedestrian Entrance, Garden City Mall";320.0;13.89;0.0;"Cash";4.0;"2023-01-08";"14:29:00";"2023-01-08";"14:53:00"
"Leeks Court, MUA Road, Nairobi, Kenya";870.0;35.94;0.0;"Cash";22.0;"2023-01-08";"11:43:00";"2023-01-08";"12:20:00"
"Nairobi, Kenya";190.0;8.06;0.0;"Cash";2.0;"2023-01-08";"11:21:00";"2023-01-08";"11:39:00"
"Balozi Estate, South B, Likoni Road, Likoni Road, Nairobi, Kenya";300.0;12.75;0.0;"Cash";6.0;"2023-01-08";"10:36:00";"2023-01-08";"11:01:00"
"Kangundo Road, Nairobi";650.0;27.86;0.0;"Cash";15.0;"2023-01-08";"09:27:00";"2023-01-08";"10:11:00"
"Muarubaine Mumbu Court, Nairobi, Kenya";1210.0;48.76;0.0;"Cash";31.0;"2023-01-08";"08:39:00";"2023-01-08";"09:32:00"
"Embakasi, Nairobi";1000.0;40.68;0.0;"Cash";2.0;"2023-01-08";"07:21:00";"2023-01-08";"08:00:00"
"Kairu Road, Nairobi";1210.0;54.36;0.0;"Bolt Payment";3.0;"2023-02-27";"19:03:00";"2023-02-27";"19:21:00"
"Mombasa Road, Nairobi";280.0;13.35;0.0;"Cash";4.0;"2023-02-26";"23:41:00";"2023-02-26";"23:52:00"
"TRM Drive, Nairobi";1030.0;42.42;0.0;"Cash";23.0;"2023-02-26";"22:45:00";"2023-02-26";"23:21:00"
"Kangundo Road, Nairobi";390.0;18.77;0.0;"Cash";6.0;"2023-02-26";"20:34:00";"2023-02-26";"21:03:00"
"Simba Day Nursery Shool, Nairobi, Kenya";250.0;12.12;0.0;"Cash";4.0;"2023-02-26";"20:01:00";"2023-02-26";"20:27:00"
"Mumias South Road 100, Nairobi";400.0;19.09;0.0;"Cash";7.0;"2023-02-26";"19:04:00";"2023-02-26";"19:44:00"
"Mowlem";300.0;14.36;0.0;"Cash";5.0;"2023-02-26";"18:24:00";"2023-02-26";"19:10:00"
"Pedestrian Entrance, Garden City Mall";380.0;15.67;0.0;"Cash";6.0;"2023-02-26";"18:04:00";"2023-02-26";"18:19:00"
"Mosque Lane, Nairobi";310.0;14.69;0.0;"Cash";7.0;"2023-02-26";"17:32:00";"2023-02-26";"18:03:00"
"Owuor Fabricators & Supplies, New Njiru Town, Kenya";520.0;24.62;0.0;"Cash";8.0;"2023-02-26";"16:36:00";"2023-02-26";"17:28:00"
"Ruaraka, Nairobi";530.0;25.16;0.0;"Cash";11.0;"2023-02-26";"15:55:00";"2023-02-26";"16:36:00"
"George Padmore Road, Nairobi";680.0;32.01;0.0;"Cash";15.0;"2023-02-26";"15:12:00";"2023-02-26";"15:48:00"
"Amani ya Juu, Riverside West Lane, Nairobi";240.0;11.42;0.0;"Cash";4.0;"2023-02-26";"14:55:00";"2023-02-26";"15:11:00"
"Karuna Road, Sarit Centre";200.0;9.56;0.0;"Cash";3.0;"2023-02-26";"14:15:00";"2023-02-26";"14:32:00"
"Hilltop apartments, Murua Drive, Ruaka, Kenya";500.0;23.84;0.0;"Cash";11.0;"2023-02-26";"13:32:00";"2023-02-26";"14:00:00"
"Lumumba Drive, Nairobi";590.0;28.1;0.0;"Cash";14.0;"2023-02-26";"12:40:00";"2023-02-26";"13:13:00"
"Kirinyaga Road, Nairobi";510.0;24.51;0.0;"Bolt Payment";12.0;"2023-02-26";"12:14:00";"2023-02-26";"12:31:00"
"Coast Road, Nairobi";490.0;23.3;0.0;"Cash";10.0;"2023-02-26";"11:42:00";"2023-02-26";"12:11:00"
"Embakasi, Nairobi";1150.0;51.72;0.0;"Cash";26.0;"2023-02-26";"10:54:00";"2023-02-26";"11:39:00"
"Gesora Road Utawala, Nairobi";350.0;16.88;0.0;"Cash";8.0;"2023-02-26";"10:27:00";"2023-02-26";"10:53:00"
"Utawala Road, Nairobi";250.0;11.87;0.0;"Cash";5.0;"2023-02-26";"10:05:00";"2023-02-26";"10:19:00"
"Mihango, Nairobi";190.0;9.0;0.0;"Cash";1.0;"2023-02-26";"09:39:00";"2023-02-26";"10:00:00"
"Salama Court, Nairobi, Kenya";560.0;26.8;0.0;"Cash";14.0;"2023-02-26";"08:59:00";"2023-02-26";"09:32:00"
"Wallet Bar, Kayole Spine Road, Nairobi";260.0;12.38;0.0;"Cash";3.0;"2023-02-25";"18:37:00";"2023-02-25";"19:06:00"
"Kahawa South, Nairobi";750.0;35.07;0.0;"Cash";18.0;"2023-02-25";"17:53:00";"2023-02-25";"18:37:00"
"Matangi Road";470.0;22.24;0.0;"Cash";11.0;"2023-02-25";"17:26:00";"2023-02-25";"17:53:00"
"Limuru Road , Two Rivers Mall";1360.0;62.98;0.0;"Cash";35.0;"2023-02-25";"14:52:00";"2023-02-25";"16:02:00"
"Agger Drive";390.0;16.14;0.0;"Cash";6.0;"2023-02-25";"14:14:00";"2023-02-25";"14:39:00"
"Kwaheri Road, Nairobi";250.0;12.09;0.0;"Cash";4.0;"2023-02-25";"13:49:00";"2023-02-25";"14:16:00"
"Kamiti Road, Nairobi";440.0;21.02;0.0;"Cash";10.0;"2023-02-25";"12:39:00";"2023-02-25";"13:20:00"
"RXV5+49F, A2, Ruiru, Kenya";500.0;23.85;0.0;"Cash";12.0;"2023-02-25";"11:29:00";"2023-02-25";"12:03:00"
"Rungiri, Kenya";1370.0;63.19;0.0;"Cash";33.0;"2023-02-25";"10:20:00";"2023-02-25";"11:11:00"
"Rungiri, Kenya";570.0;27.07;0.0;"Cash";12.0;"2023-02-25";"08:09:00";"2023-02-25";"09:18:00"
"Kasarani Constituency, Nairobi";700.0;33.49;0.0;"Cash";18.0;"2023-02-24";"17:51:00";"2023-02-24";"18:34:00"
"Kiambu Road";630.0;29.92;0.0;"Cash";13.0;"2023-02-24";"16:58:00";"2023-02-24";"17:36:00"
"Feruzi Towers, Kenya";910.0;42.26;0.0;"Cash";18.0;"2023-02-24";"15:37:00";"2023-02-24";"16:33:00"
"Ndemi Close, Nairobi";890.0;41.34;0.0;"Cash";18.0;"2023-02-24";"14:13:00";"2023-02-24";"15:21:00"
"Muchene Road, Nairobi";490.0;23.29;0.0;"Cash";9.0;"2023-02-24";"13:33:00";"2023-02-24";"14:05:00"
"Jonem Apartments, Lumumba 1st Avenue, Nairobi, Kenya";1340.0;62.21;0.0;"Cash";31.0;"2023-02-24";"10:20:00";"2023-02-24";"11:23:00"
"Kahawa South, Nairobi";210.0;10.0;0.0;"Cash";2.0;"2023-02-24";"09:45:00";"2023-02-24";"10:06:00"
"Riverside Gardens, Nairobi";650.0;30.71;0.0;"Cash";16.0;"2023-02-24";"09:18:00";"2023-02-24";"09:45:00"
"Glenbrooke Apartments, Nairobi";260.0;12.59;0.0;"Cash";4.0;"2023-02-24";"08:55:00";"2023-02-24";"09:11:00"
"Doonholm Road, Nairobi";730.0;34.64;0.0;"Cash";17.0;"2023-02-24";"07:42:00";"2023-02-24";"08:49:00"
"General Waruingi Street, Nairobi";440.0;21.11;0.0;"Cash";8.0;"2023-02-22";"14:09:00";"2023-02-22";"14:31:00"
"St.Mary's, Nairobi";590.0;28.12;0.0;"Cash";14.0;"2023-02-22";"13:24:00";"2023-02-22";"13:55:00"
"Njiwa Road, Nairobi";660.0;31.37;0.0;"Cash";14.0;"2023-02-22";"12:14:00";"2023-02-22";"13:02:00"
"Jasmine Lane 252, Nairobi";930.0;42.42;0.0;"Cash";24.0;"2023-02-22";"11:35:00";"2023-02-22";"12:11:00"
"Kilimani, Nairobi";460.0;21.95;0.0;"Cash";11.0;"2023-02-22";"10:44:00";"2023-02-22";"11:10:00"
"Nairobi, Kenya";730.0;34.75;0.0;"Cash";16.0;"2023-02-22";"09:23:00";"2023-02-22";"10:16:00"
"Kiambu County, Kenya";300.0;14.27;0.0;"Cash";7.0;"2023-02-22";"08:17:00";"2023-02-22";"08:40:00"
"Langata Road, Nairobi";1050.0;47.21;0.0;"Cash";25.0;"2023-02-22";"06:52:00";"2023-02-22";"07:41:00"
"Mirema Drive, Nairobi";600.0;28.7;0.0;"Cash";14.0;"2023-02-21";"21:49:00";"2023-02-21";"22:11:00"
"Kasarani Constituency, Nairobi";310.0;14.68;0.0;"Cash";6.0;"2023-02-21";"19:43:00";"2023-02-21";"20:17:00"
"Icipe Road 1, Nairobi";570.0;27.27;0.0;"Cash";10.0;"2023-02-21";"18:37:00";"2023-02-21";"19:35:00"
"Wilson Flyover 60, Nairobi";910.0;42.43;0.0;"Cash";17.0;"2023-02-21";"17:13:00";"2023-02-21";"18:10:00"
"Umoja 3 Hospital, Nairobi, Kenya";590.0;27.95;0.0;"Cash";14.0;"2023-02-21";"16:31:00";"2023-02-21";"17:10:00"
"Lumumba 1st Avenue, Nairobi";550.0;26.18;0.0;"Cash";11.0;"2023-02-21";"16:03:00";"2023-02-21";"16:30:00"
"Sports Drive Estate, Nairobi";230.0;10.94;0.0;"Cash";4.0;"2023-02-21";"11:00:00";"2023-02-21";"11:12:00"
"Popo Road, Nairobi";760.0;35.44;0.0;"Cash";18.0;"2023-02-21";"10:18:00";"2023-02-21";"10:48:00"
"Mihango, Nairobi";630.0;30.16;0.0;"Cash";15.0;"2023-02-21";"08:45:00";"2023-02-21";"09:33:00"
"Sports View Road, Nairobi";620.0;29.35;0.0;"Cash";13.0;"2023-02-21";"08:01:00";"2023-02-21";"08:30:00"
"Buffalo Court, Kurosaki Marucho Road, Nairobi, Kenya";580.0;27.51;0.0;"Cash";11.0;"2023-02-21";"06:45:00";"2023-02-21";"07:22:00"
"Temple Lane, Nairobi";470.0;22.15;0.0;"Cash";10.0;"2023-02-19";"22:06:00";"2023-02-19";"22:30:00"
"Harry Thuku Road, Nairobi";280.0;13.24;0.0;"Cash";6.0;"2023-02-19";"21:15:00";"2023-02-19";"21:36:00"
"Waiyaki Way Viking House, Nairobi";200.0;9.66;0.0;"Cash";4.0;"2023-02-19";"20:53:00";"2023-02-19";"21:11:00"
"Nanaksar Gurudwara, Nairobi";200.0;9.38;0.0;"Cash";3.0;"2023-02-19";"20:38:00";"2023-02-19";"20:49:00"
"Kipande Athumani Street, Nairobi";410.0;19.41;0.0;"Cash";8.0;"2023-02-19";"20:09:00";"2023-02-19";"20:38:00"
"Chalbi Drive 1096, Nairobi";540.0;25.62;0.0;"Cash";12.0;"2023-02-19";"19:21:00";"2023-02-19";"19:55:00"
"Lumumba 1st Avenue, Nairobi";840.0;39.83;0.0;"Cash";19.0;"2023-02-19";"18:43:00";"2023-02-19";"19:18:00"
"Kangaru Road, Nairobi";550.0;26.24;0.0;"Cash";13.0;"2023-02-19";"17:38:00";"2023-02-19";"18:03:00"
"Umoja, Nairobi";330.0;15.83;0.0;"Cash";5.0;"2023-02-19";"16:49:00";"2023-02-19";"17:11:00"
"Kangundo Road, Nairobi";210.0;9.92;0.0;"Cash";3.0;"2023-02-19";"16:31:00";"2023-02-19";"16:42:00"
"Masimba Road, Nairobi";370.0;17.44;0.0;"Cash";7.0;"2023-02-19";"15:12:00";"2023-02-19";"15:47:00"
"Umoja, Nairobi";210.0;10.12;0.0;"Cash";3.0;"2023-02-19";"14:47:00";"2023-02-19";"15:12:00"
"Umoja One Market, Nairobi";190.0;9.16;0.0;"Cash";3.0;"2023-02-19";"14:21:00";"2023-02-19";"14:39:00"
"Savannah Road, Nairobi";260.0;12.23;0.0;"Cash";4.0;"2023-02-19";"14:01:00";"2023-02-19";"14:17:00"
"Terminal 2, Nairobi Jomo Kenyatta Airport (NBO)";600.0;28.47;0.0;"Cash";11.0;"2023-02-19";"11:58:00";"2023-02-19";"12:26:00"
"Kandara Road, Nairobi";190.0;9.0;0.0;"Cash";2.0;"2023-02-19";"09:47:00";"2023-02-19";"10:02:00"
"Kariobangi South, Nairobi";610.0;28.83;0.0;"Cash";13.0;"2023-02-19";"09:13:00";"2023-02-19";"09:47:00"
"Kahawa South, Nairobi";430.0;20.41;0.0;"Cash";9.0;"2023-02-19";"08:47:00";"2023-02-19";"09:10:00"
"The Loft Lounge and Grill, Thome Road, Nairobi";220.0;10.63;0.0;"Cash";4.0;"2023-02-19";"08:23:00";"2023-02-19";"08:41:00"
"Doonholm Road, Nairobi";450.0;21.21;0.0;"Cash";9.0;"2023-02-19";"07:54:00";"2023-02-19";"08:17:00"
"Limuru Road off, Nairobi";430.0;20.48;0.0;"Bolt Payment";9.0;"2023-02-17";"19:40:00";"2023-02-17";"20:03:00"
"Parklands Road 11, Nairobi";600.0;28.75;0.0;"Bolt Payment";12.0;"2023-02-17";"17:41:00";"2023-02-17";"18:41:00"
"Timboroa Street, Nairobi";490.0;23.49;0.0;"Cash";7.0;"2023-02-17";"16:57:00";"2023-02-17";"17:36:00"
"St. Mary's Hospital, Nairobi";650.0;30.83;0.0;"Cash";13.0;"2023-02-17";"16:21:00";"2023-02-17";"16:57:00"
"Langata Road Langata Rd, Nairobi, Nairobi";320.0;12.93;0.0;"Cash";5.0;"2023-02-17";"16:02:00";"2023-02-17";"16:17:00"
"Nairobi, Kenia";240.0;11.56;0.0;"Cash";4.0;"2023-02-17";"14:14:00";"2023-02-17";"14:27:00"
"Kirichwa Road, Nairobi";540.0;25.62;0.0;"Cash";11.0;"2023-02-17";"13:44:00";"2023-02-17";"14:06:00"
"Kimathi Street Kimathi House, Nairobi";370.0;17.78;0.0;"Cash";6.0;"2023-02-17";"13:09:00";"2023-02-17";"13:40:00"
"Muhoho Avenue, Nairobi";300.0;14.45;0.0;"Cash";4.0;"2023-02-17";"12:34:00";"2023-02-17";"13:12:00"
"Gigiri Road, Nairobi";590.0;28.27;0.0;"Cash";13.0;"2023-02-17";"11:54:00";"2023-02-17";"12:29:00"
"Muthangari Drive 48674, Nairobi 00100";430.0;20.63;0.0;"Cash";10.0;"2023-02-17";"10:23:00";"2023-02-17";"10:42:00"
"Moktar Daddah street 45722, Nairobi 00100";300.0;14.45;0.0;"Cash";6.0;"2023-02-17";"09:55:00";"2023-02-17";"10:12:00"
"Elgeyo Marakwet North, Nairobi";360.0;17.13;0.0;"Cash";6.0;"2023-02-17";"09:30:00";"2023-02-17";"09:55:00"
"City Hall Way, Nairobi";370.0;17.46;0.0;"Cash";7.0;"2023-02-17";"09:00:00";"2023-02-17";"09:24:00"
"Green Court, Nairobi";530.0;25.01;0.0;"Cash";11.0;"2023-02-17";"08:10:00";"2023-02-17";"08:58:00"
"Mbuni Drive, Nairobi";240.0;11.57;0.0;"Cash";4.0;"2023-02-15";"21:06:00";"2023-02-15";"21:24:00"
"Mirema swimming pool, swimmo, Kenya";270.0;12.86;0.0;"Cash";6.0;"2023-02-15";"20:41:00";"2023-02-15";"21:04:00"
"Jacaranda Estate, Nairobi";260.0;12.58;0.0;"Cash";4.0;"2023-02-15";"20:11:00";"2023-02-15";"20:28:00"
"1st Hunters' Link Road, Nairobi";450.0;21.57;0.0;"Cash";8.0;"2023-02-15";"19:34:00";"2023-02-15";"20:12:00"
"Lumumba Drive, Nairobi 00100";320.0;15.36;0.0;"Cash";5.0;"2023-02-15";"18:48:00";"2023-02-15";"19:15:00"
"Lumumba Drive, Nairobi 00100";960.0;44.24;0.0;"Cash";22.0;"2023-02-15";"14:50:00";"2023-02-15";"15:47:00"
"Amani Court Road 8, Nairobi";1410.0;62.25;0.0;"Cash";27.0;"2023-02-12";"22:37:00";"2023-02-12";"23:24:00"
"Katani Road";330.0;15.84;0.0;"Cash";3.0;"2023-02-12";"22:02:00";"2023-02-12";"22:29:00"
"Nation Centre Building, Kimathi Street, Nairobi";830.0;38.11;0.0;"Cash";20.0;"2023-02-12";"21:24:00";"2023-02-12";"21:52:00"
"Ruaka, Kenya";690.0;32.76;0.0;"Cash";16.0;"2023-02-12";"20:40:00";"2023-02-12";"21:23:00"
"Kirichwa Gardens, Nairobi";740.0;34.85;0.0;"Cash";18.0;"2023-02-12";"19:40:00";"2023-02-12";"20:16:00"
"Rose Avenue, Nairobi";210.0;10.0;0.0;"Cash";3.0;"2023-02-12";"19:15:00";"2023-02-12";"19:39:00"
"Njiru, Nairobi";930.0;44.48;0.0;"Cash";4.0;"2023-02-12";"18:15:00";"2023-02-12";"19:10:00"
"Njiru, Nairobi";390.0;18.54;0.0;"Cash";6.0;"2023-02-12";"17:09:00";"2023-02-12";"17:59:00"
"Umoja, Nairobi";360.0;17.34;0.0;"Cash";7.0;"2023-02-12";"16:41:00";"2023-02-12";"17:10:00"
"Transline Galaxy Afya Centre Booking office, Nairobi, Kenya";470.0;22.58;0.0;"Cash";10.0;"2023-02-12";"16:12:00";"2023-02-12";"16:37:00"
"Moi Drive, Nairobi";440.0;21.09;0.0;"Cash";10.0;"2023-02-12";"15:44:00";"2023-02-12";"16:11:00"
"Hamza Road, Nairobi";250.0;11.94;0.0;"Cash";4.0;"2023-02-12";"15:16:00";"2023-02-12";"15:46:00"
"Thika Road";680.0;31.9;0.0;"Cash";18.0;"2023-02-12";"14:49:00";"2023-02-12";"15:14:00"
"Haile Selassie Avenue, Nairobi";790.0;36.5;0.0;"Cash";17.0;"2023-02-12";"14:17:00";"2023-02-12";"14:46:00"
"Beatriz La Roca Apartments, Nairobi, Kenya";620.0;29.45;0.0;"Cash";15.0;"2023-02-12";"13:35:00";"2023-02-12";"14:17:00"
"Nairobi, Kenya";340.0;16.18;0.0;"Cash";6.0;"2023-02-12";"12:53:00";"2023-02-12";"13:14:00"
"Pedestrian Entrance, Garden City Mall";220.0;10.71;0.0;"Cash";4.0;"2023-02-12";"12:41:00";"2023-02-12";"12:51:00"
"Ponderosa Heights, A2, Nairobi, Kenya";190.0;9.0;0.0;"Cash";2.0;"2023-02-12";"12:31:00";"2023-02-12";"12:41:00"
"Thika Road, Nairobi";250.0;12.05;0.0;"Cash";5.0;"2023-02-12";"11:43:00";"2023-02-12";"11:59:00"
"Agip House, Nairobi";490.0;23.44;0.0;"Cash";7.0;"2023-02-12";"10:53:00";"2023-02-12";"11:08:00"
"Haile Selassie Avenue, Nairobi";190.0;9.0;0.0;"Cash";2.0;"2023-02-12";"10:37:00";"2023-02-12";"10:42:00"
"Olive Gardens Apartments, Nairobi, Kenya";410.0;19.29;0.0;"Bolt Payment";9.0;"2023-02-12";"10:02:00";"2023-02-12";"10:25:00"
"Muthangari, Nairobi";360.0;17.22;0.0;"Cash";8.0;"2023-02-12";"09:22:00";"2023-02-12";"09:52:00"
"Thiomi Ltd, State House Road, Nairobi, Kenya";280.0;13.43;0.0;"Cash";4.0;"2023-02-12";"08:55:00";"2023-02-12";"09:14:00"
"Donholm, Nairobi";470.0;22.26;0.0;"Cash";11.0;"2023-02-12";"08:31:00";"2023-02-12";"08:52:00"
"Lamu Road, Nairobi";430.0;20.44;0.0;"Cash";9.0;"2023-02-11";"17:15:00";"2023-02-11";"17:46:00"
"HABADO APARTMENTS, Daidai Road, Nairobi, Kenya";260.0;12.33;0.0;"Cash";4.0;"2023-02-11";"16:51:00";"2023-02-11";"17:07:00"
"Mwanzi Road Westgate Mall, Nairobi 00100";470.0;22.32;0.0;"Cash";10.0;"2023-02-11";"16:33:00";"2023-02-11";"16:52:00"
"Ngong Road, Nairobi";660.0;31.21;0.0;"Cash";15.0;"2023-02-11";"14:22:00";"2023-02-11";"15:05:00"
"USHIRIKA TOWERS TWO, Mweni Road, Nairobi, Kenya";560.0;26.53;0.0;"Cash";11.0;"2023-02-11";"13:39:00";"2023-02-11";"14:17:00"
"Limuru Road, Nairobi";190.0;9.0;0.0;"Cash";2.0;"2023-02-11";"11:45:00";"2023-02-11";"11:50:00"
"Five Star Phase 2 Estate, Five Stars Road, Nairobi";410.0;19.47;0.0;"Cash";7.0;"2023-02-11";"11:17:00";"2023-02-11";"11:42:00"
"Mbagathi Road, Nairobi";300.0;14.27;0.0;"Cash";6.0;"2023-02-11";"11:06:00";"2023-02-11";"11:20:00"
"Magadi Road, Nairobi";450.0;21.38;0.0;"Bolt Payment";9.0;"2023-02-11";"10:44:00";"2023-02-11";"11:06:00"
"Mlolongo, Kenya";990.0;47.37;0.0;"Cash";23.0;"2023-02-11";"09:31:00";"2023-02-11";"10:29:00"
"Nairobi, Kenya";620.0;24.58;0.0;"Cash";12.0;"2023-02-11";"07:50:00";"2023-02-11";"08:19:00"
"Green Court, Nairobi";400.0;19.09;0.0;"Cash";8.0;"2023-02-11";"07:22:00";"2023-02-11";"07:48:00"
"Old Mombasa Road, Nairobi";360.0;16.96;0.0;"Cash";5.0;"2023-02-10";"19:34:00";"2023-02-10";"19:46:00"
"Diani Road 5219, Nairobi";1240.0;56.02;0.0;"Cash";28.0;"2023-02-10";"16:37:00";"2023-02-10";"18:03:00"
"Karen CrossRoads Mall, Nairobi";410.0;19.42;0.0;"Cash";11.0;"2023-02-10";"16:02:00";"2023-02-10";"16:27:00"
"Mombasa Road, Nairobi";850.0;38.84;0.0;"Cash";25.0;"2023-02-10";"15:21:00";"2023-02-10";"15:59:00"
"Airport North Road, Nairobi";420.0;20.19;0.0;"Cash";10.0;"2023-02-10";"15:01:00";"2023-02-10";"15:21:00"
"Mankuli Road, Nairobi";440.0;21.07;0.0;"Cash";10.0;"2023-02-10";"14:37:00";"2023-02-10";"15:00:00"
"Amani Court, Nairobi";590.0;23.43;0.0;"Cash";10.0;"2023-02-10";"13:45:00";"2023-02-10";"14:25:00"
"General Waruingi Street, Nairobi";450.0;21.27;0.0;"Cash";10.0;"2023-02-10";"12:49:00";"2023-02-10";"13:16:00"
"Ngong Road, Nairobi";1430.0;66.64;0.0;"Cash";36.0;"2023-02-10";"11:10:00";"2023-02-10";"12:49:00"
"Mtama Road 89200, Nairobi";380.0;18.07;0.0;"Cash";8.0;"2023-02-10";"10:31:00";"2023-02-10";"11:03:00"
"United Nations Avenue, Nairobi";670.0;31.87;0.0;"Cash";17.0;"2023-02-10";"09:38:00";"2023-02-10";"10:31:00"
"Donholm Road, Nairobi";790.0;36.79;0.0;"Cash";16.0;"2023-02-10";"07:46:00";"2023-02-10";"08:48:00"
"Galleria Shopping Mall, Nairobi";300.0;11.99;0.0;"Cash";4.0;"2023-02-09";"21:19:00";"2023-02-09";"21:39:00"
"Langata Road, Nairobi";300.0;14.4;0.0;"Cash";1.0;"2023-02-09";"20:43:00";"2023-02-09";"20:58:00"
"Street Elizabeth 77, Nairobi";350.0;16.49;0.0;"Cash";7.0;"2023-02-09";"20:20:00";"2023-02-09";"20:41:00"
"Shell Petrol Station Lavington, Nairobi";520.0;24.84;0.0;"Cash";12.0;"2023-02-09";"19:16:00";"2023-02-09";"19:43:00"
"Muringa Road, Nairobi";270.0;12.86;0.0;"Cash";4.0;"2023-02-09";"18:42:00";"2023-02-09";"18:59:00"
"Jabavu Road, Nairobi";210.0;10.16;0.0;"Cash";2.0;"2023-02-09";"18:28:00";"2023-02-09";"18:40:00"
"Delta Corner Road Delta Corner, Nairobi";290.0;14.01;0.0;"Cash";6.0;"2023-02-09";"18:00:00";"2023-02-09";"18:29:00"
"Four Points by Sheraton Nairobi Hurlingham, Nairobi, Kenya";360.0;17.26;0.0;"Cash";7.0;"2023-02-09";"17:34:00";"2023-02-09";"18:01:00"
"Kauria Close, Nairobi";260.0;12.55;0.0;"Cash";3.0;"2023-02-09";"16:00:00";"2023-02-09";"16:25:00"
"Limuru Road , Two Rivers Mall";1350.0;59.26;0.0;"Cash";26.0;"2023-02-09";"14:09:00";"2023-02-09";"15:49:00"
"Kiambu Road, Nairobi";450.0;21.6;0.0;"Cash";10.0;"2023-02-09";"13:40:00";"2023-02-09";"14:05:00"
"Nairobi, Kenya";360.0;17.06;0.0;"Cash";7.0;"2023-02-09";"13:10:00";"2023-02-09";"13:39:00"
"Eastleigh 1st Avenue, Nairobi";430.0;20.37;0.0;"Cash";10.0;"2023-02-09";"12:32:00";"2023-02-09";"13:07:00"
"Kapiti Road, Nairobi";380.0;18.24;0.0;"Cash";6.0;"2023-02-09";"11:39:00";"2023-02-09";"12:06:00"
"Ngong Road Bayswater Apartment, Nairobi";240.0;11.5;0.0;"Cash";3.0;"2023-02-09";"11:02:00";"2023-02-09";"11:24:00"
"Beya Beya Flats, Mai Mahiu Road, Nairobi, Kenya";280.0;13.32;0.0;"Cash";5.0;"2023-02-09";"10:07:00";"2023-02-09";"10:23:00"
"Pangani, Nairobi";350.0;16.76;0.0;"Cash";9.0;"2023-02-09";"08:55:00";"2023-02-09";"09:25:00"
"Moi Avenue Moi Avenue, Nairobi";260.0;12.47;0.0;"Cash";5.0;"2023-02-09";"08:27:00";"2023-02-09";"08:49:00"
"Mombasa Road Vision Plaza, Nairobi";440.0;21.15;0.0;"Cash";7.0;"2023-02-09";"07:37:00";"2023-02-09";"08:28:00"
"Donholm, Nairobi";430.0;20.43;0.0;"Cash";8.0;"2023-02-09";"06:58:00";"2023-02-09";"07:32:00"
"Total Rosslyn, Nairobi";560.0;26.62;0.0;"Cash";13.0;"2023-02-06";"18:36:00";"2023-02-06";"19:04:00"
"Thindigua Highway Street";470.0;22.51;0.0;"Cash";11.0;"2023-02-06";"17:18:00";"2023-02-06";"17:58:00"
"PLNS-Learning Center, Getathuru Road, Wangige, Kenya";740.0;34.89;0.0;"Cash";16.0;"2023-02-06";"16:12:00";"2023-02-06";"17:17:00"
"New Garden Estate Road, Nairobi";930.0;42.67;0.0;"Cash";23.0;"2023-02-06";"15:20:00";"2023-02-06";"16:04:00"
"State House Road, Nairobi";460.0;21.71;0.0;"Cash";11.0;"2023-02-06";"14:37:00";"2023-02-06";"15:05:00"
"Applewood Adams, Ngong Road, Nairobi, Kenya";240.0;11.54;0.0;"Cash";4.0;"2023-02-06";"14:11:00";"2023-02-06";"14:32:00"
"Bunyala Road, Nairobi";650.0;30.6;0.0;"Cash";14.0;"2023-02-06";"13:29:00";"2023-02-06";"14:09:00"
"Mai Mahiu Road, Nairobi";190.0;9.12;0.0;"Cash";3.0;"2023-02-06";"13:16:00";"2023-02-06";"13:29:00"
"Sergeant Kahande Street, Nairobi";390.0;18.69;0.0;"Cash";8.0;"2023-02-06";"12:51:00";"2023-02-06";"13:14:00"
"Jalaram Road 19, Nairobi 00100";310.0;14.95;0.0;"Cash";6.0;"2023-02-06";"12:33:00";"2023-02-06";"12:49:00"
"2nd Parklands Avenue, Nairobi";190.0;9.0;0.0;"Cash";2.0;"2023-02-06";"12:26:00";"2023-02-06";"12:33:00"
"Eighth Street, Nairobi";410.0;19.59;0.0;"Cash";7.0;"2023-02-06";"11:39:00";"2023-02-06";"12:21:00"
"Shell Petrol Station- Wilson, Nairobi";390.0;18.65;0.0;"Cash";8.0;"2023-02-06";"11:06:00";"2023-02-06";"11:38:00"
"Haile Selassie Avenue Times Tower, Nairobi";190.0;9.11;0.0;"Cash";3.0;"2023-02-06";"10:26:00";"2023-02-06";"10:41:00"
"Terminal 1E, Nairobi Jomo Kenyatta Airport (NBO)";760.0;35.53;0.0;"Cash";22.0;"2023-02-06";"09:38:00";"2023-02-06";"10:22:00"
"Jabavu Road, Nairobi";980.0;41.68;0.0;"Cash";19.0;"2023-02-06";"08:40:00";"2023-02-06";"09:19:00"
"Bobos rest, Banda Street, Nairobi";260.0;12.52;0.0;"Cash";4.0;"2023-02-06";"08:24:00";"2023-02-06";"08:40:00"
"State House Road, Nairobi";250.0;11.7;0.0;"Cash";2.0;"2023-02-06";"07:54:00";"2023-02-06";"08:10:00"
"Rhapta Road 126, Nairobi";610.0;29.02;0.0;"Cash";4.0;"2023-02-06";"07:30:00";"2023-02-06";"07:58:00"
"wabu plaza, Donholm Savannah Road, Nairobi, Kenya";830.0;38.45;0.0;"Cash";21.0;"2023-02-06";"06:31:00";"2023-02-06";"07:29:00"
"Jogoo Road Off, Nairobi";350.0;16.72;0.0;"Cash";6.0;"2023-02-05";"20:16:00";"2023-02-05";"20:38:00"
"Big Square - Wilson, Langata Rd, Nairobi, Nairobi";310.0;14.78;0.0;"Cash";6.0;"2023-02-05";"19:49:00";"2023-02-05";"20:10:00"
"Nairobi, Kenya";240.0;11.56;0.0;"Cash";5.0;"2023-02-05";"19:31:00";"2023-02-05";"19:46:00"
"Ole Kejuodo Road, Nairobi";510.0;24.29;0.0;"Cash";12.0;"2023-02-05";"18:53:00";"2023-02-05";"19:22:00"
"Kan Apartments - Kileleshwa, Nairobi, Kenya";360.0;17.06;0.0;"Cash";8.0;"2023-02-05";"18:20:00";"2023-02-05";"18:52:00"
"Forest Line Road 208, Nairobi";710.0;33.41;0.0;"Cash";17.0;"2023-02-05";"17:36:00";"2023-02-05";"18:19:00"
"Karen, Nairobi";250.0;11.72;0.0;"Cash";5.0;"2023-02-05";"17:14:00";"2023-02-05";"17:37:00"
"Dagoretti Road The Hub, Nairobi";270.0;10.49;0.0;"Cash";4.0;"2023-02-05";"17:03:00";"2023-02-05";"17:15:00"
"Karen, Nairobi";280.0;10.77;0.0;"Cash";4.0;"2023-02-05";"16:51:00";"2023-02-05";"17:03:00"
"Chambers Road, Nairobi";890.0;41.01;0.0;"Cash";22.0;"2023-02-05";"15:25:00";"2023-02-05";"16:20:00"
"Chandarana Food Plus Supermarket Ltd, Pramukh Swami Avenue, Nairobi";190.0;9.0;0.0;"Cash";3.0;"2023-02-05";"15:16:00";"2023-02-05";"15:25:00"
"Old Mombasa Road, Nairobi";780.0;36.41;0.0;"Bolt Payment";18.0;"2023-02-05";"14:32:00";"2023-02-05";"15:13:00"
"Moi Drive, Nairobi";580.0;27.58;0.0;"Cash";12.0;"2023-02-05";"13:49:00";"2023-02-05";"14:16:00"
"Naivas Umoja, Nairobi, Kenya";190.0;9.0;0.0;"Cash";1.0;"2023-02-05";"13:31:00";"2023-02-05";"13:44:00"
"Pipeline Estate Road, Nairobi";370.0;17.6;0.0;"Cash";8.0;"2023-02-05";"13:11:00";"2023-02-05";"13:30:00"
"Murang'a Road, Nairobi";310.0;14.98;0.0;"Cash";7.0;"2023-02-05";"12:46:00";"2023-02-05";"12:57:00"
"Kapiti Crescent, Nairobi";340.0;15.97;0.0;"Cash";6.0;"2023-02-05";"11:38:00";"2023-02-05";"11:57:00"
"Nairobi, Kenya";630.0;30.04;0.0;"Cash";16.0;"2023-02-05";"10:37:00";"2023-02-05";"11:00:00"
"The Safari Park Gardens, Nairobi";270.0;12.78;0.0;"Cash";5.0;"2023-02-05";"10:07:00";"2023-02-05";"10:31:00"
"5th Avenue Ngong I.K.M Place, P.O Box 11866, Nairobi, Nairobi";580.0;27.81;0.0;"Cash";15.0;"2023-02-05";"09:24:00";"2023-02-05";"09:55:00"
"Kijabe Street 59, Nairobi";380.0;17.97;0.0;"Cash";8.0;"2023-02-05";"09:02:00";"2023-02-05";"09:17:00"
"Donholm, Nairobi";510.0;24.1;0.0;"Cash";11.0;"2023-02-05";"08:24:00";"2023-02-05";"09:01:00"
"Kenyatta Hospital, Nairobi";230.0;10.82;0.0;"Cash";4.0;"2023-02-04";"22:29:00";"2023-02-04";"22:39:00"
"Hospital Entrance, Aga Khan University Hospital";340.0;15.98;0.0;"Cash";7.0;"2023-02-04";"22:04:00";"2023-02-04";"22:25:00"
"Suswa Road, Nairobi";460.0;21.75;0.0;"Cash";2.0;"2023-02-04";"21:44:00";"2023-02-04";"22:04:00"
"General Waruingi Street, Nairobi";350.0;16.48;0.0;"Cash";7.0;"2023-02-04";"21:21:00";"2023-02-04";"21:39:00"
"Mwanzi Road Westgate Mall, Nairobi";350.0;16.87;0.0;"Cash";8.0;"2023-02-04";"21:11:00";"2023-02-04";"21:25:00"
"Koinage Street Yala Towers, Nairobi";260.0;12.33;0.0;"Cash";5.0;"2023-02-04";"20:51:00";"2023-02-04";"21:10:00"
"Cherryville Apartments, Nairobi, Kenya";510.0;24.49;0.0;"Cash";11.0;"2023-02-04";"20:09:00";"2023-02-04";"20:38:00"
"Total Limuru Road, Limuru Road, Nairobi";600.0;28.41;0.0;"Cash";13.0;"2023-02-04";"19:43:00";"2023-02-04";"20:10:00"
"Kipande Athumani Street, Nairobi";320.0;15.2;0.0;"Cash";5.0;"2023-02-04";"19:14:00";"2023-02-04";"19:39:00"
"Jombo Road, Nairobi";540.0;25.86;0.0;"Cash";11.0;"2023-02-04";"18:36:00";"2023-02-04";"19:18:00"
"Burhan Estate, Nairobi";470.0;22.62;0.0;"Cash";7.0;"2023-02-04";"17:46:00";"2023-02-04";"18:20:00"
"Mwanzi Road Westgate Mall, Nairobi 00100";330.0;15.88;0.0;"Cash";6.0;"2023-02-04";"17:25:00";"2023-02-04";"17:46:00"
"Argwings Kodhek Road, Nairobi";370.0;17.73;0.0;"Cash";8.0;"2023-02-04";"17:00:00";"2023-02-04";"17:19:00"
"General Waruingi Street, Nairobi";710.0;33.67;0.0;"Cash";11.0;"2023-02-04";"15:30:00";"2023-02-04";"16:31:00"
"Northview Road, Nairobi";270.0;12.94;0.0;"Cash";2.0;"2023-02-04";"14:50:00";"2023-02-04";"15:15:00"
"Tom Mboya Street, Nairobi";400.0;19.2;0.0;"Cash";9.0;"2023-02-04";"14:32:00";"2023-02-04";"14:50:00"
"Kandara Road 49, Nairobi";280.0;13.44;0.0;"Bolt Payment";5.0;"2023-02-04";"14:14:00";"2023-02-04";"14:32:00"
"Nairobi, Kenya";680.0;32.05;0.0;"Cash";16.0;"2023-02-04";"13:19:00";"2023-02-04";"14:12:00"
"Limuru Road , Two Rivers Mall";240.0;9.0;0.0;"Cash";2.0;"2023-02-04";"12:29:00";"2023-02-04";"12:49:00"
"Muthangari Road, Nairobi";710.0;33.39;0.0;"Cash";16.0;"2023-02-04";"10:17:00";"2023-02-04";"10:55:00"
"Kingara Gardens Limited, Nairobi, Kenya";1080.0;49.32;0.0;"Cash";24.0;"2023-02-04";"08:46:00";"2023-02-04";"10:03:00"
"Al Amin Mosque, Nairobi, Kenya";260.0;12.16;0.0;"Cash";4.0;"2023-02-04";"08:22:00";"2023-02-04";"08:42:00"
"Plainsview Road, Nairobi";320.0;15.02;0.0;"Cash";6.0;"2023-02-04";"07:53:00";"2023-02-04";"08:14:00"
"SMARTS Laundry Cleaners, Gatonye Court, Nairobi, Kenya";450.0;21.24;0.0;"Cash";10.0;"2023-02-04";"07:25:00";"2023-02-04";"07:55:00"
"Molars Dental Clinic (Hurlingham), Lenana Road, Nairobi, Kenya";380.0;18.09;0.0;"Cash";2.0;"2023-02-02";"18:11:00";"2023-02-02";"18:30:00"
"Bangkok shopping mall, Eastleigh First Avenue, Nairobi City, Kenya";570.0;27.03;0.0;"Cash";12.0;"2023-02-02";"17:13:00";"2023-02-02";"18:11:00"
"Fortis Suites, Hospital Road, Nairobi";530.0;25.07;0.0;"Cash";10.0;"2023-02-02";"16:24:00";"2023-02-02";"17:06:00"
"Jakaya Kikwete Road, Nairobi";250.0;12.13;0.0;"Cash";5.0;"2023-02-02";"16:04:00";"2023-02-02";"16:24:00"
"Moi Avenue, Nairobi";200.0;9.54;0.0;"Cash";3.0;"2023-02-02";"15:48:00";"2023-02-02";"16:03:00"
"Gateway Place, Kilimani, Nairobi";190.0;9.12;0.0;"Cash";3.0;"2023-02-02";"15:10:00";"2023-02-02";"15:33:00"
"Naivasha Road, Nairobi";380.0;18.21;0.0;"Cash";8.0;"2023-02-02";"14:39:00";"2023-02-02";"15:10:00"
"Kingara Road, Nairobi";290.0;13.94;0.0;"Cash";4.0;"2023-02-02";"14:11:00";"2023-02-02";"14:33:00"
"House Of Leather & Gifts Adams Arcade, Kilimani Rd, Nairobi";190.0;9.0;0.0;"Cash";2.0;"2023-02-02";"13:46:00";"2023-02-02";"13:53:00"
"Woodley, Nairobi";190.0;9.0;0.0;"Cash";3.0;"2023-02-02";"13:20:00";"2023-02-02";"13:33:00"
"Trinity Gardens, Bald Wini Rd, Nairobi, Kenya";190.0;9.0;0.0;"Cash";2.0;"2023-02-02";"13:06:00";"2023-02-02";"13:18:00"
"LIFEMED PHARMACY HURLINGHAM, Argwings Kodhek Road, Nairobi, Kenya";190.0;9.0;0.0;"Cash";2.0;"2023-02-02";"12:45:00";"2023-02-02";"12:54:00"
"Nairobi, Kenya";320.0;15.46;0.0;"Cash";7.0;"2023-02-02";"11:50:00";"2023-02-02";"12:12:00"
"Birongo Square, Nairobi";190.0;9.0;0.0;"Cash";2.0;"2023-02-02";"11:32:00";"2023-02-02";"11:48:00"
"Kimathi Street Ground Floor, Old Mutual Building, Nairobi";290.0;13.59;0.0;"Cash";5.0;"2023-02-02";"11:05:00";"2023-02-02";"11:30:00"
"Senteu Plaza, Nairobi";300.0;14.06;0.0;"Cash";5.0;"2023-02-02";"10:43:00";"2023-02-02";"11:02:00"
"Lifespring Chapel Syokimau, Kenya";1090.0;52.09;0.0;"Cash";24.0;"2023-02-02";"09:39:00";"2023-02-02";"10:42:00"
"Donholm, Nairobi";510.0;24.2;0.0;"Cash";10.0;"2023-02-02";"06:55:00";"2023-02-02";"07:34:00"
"Kayole Spine Road, Nairobi";190.0;9.09;0.0;"Cash";2.0;"2023-02-01";"20:13:00";"2023-02-01";"20:24:00"
"Ralph Bunche Road, Nairobi";830.0;39.15;0.0;"Cash";17.0;"2023-02-01";"17:47:00";"2023-02-01";"19:08:00"
"Embakasi Road, Nairobi";880.0;40.47;0.0;"Cash";20.0;"2023-02-01";"16:58:00";"2023-02-01";"17:56:00"
"Tom Mboya Street 20, Nairobi";1020.0;46.34;0.0;"Cash";24.0;"2023-02-01";"15:31:00";"2023-02-01";"16:23:00"
"Kipande Athumani Street, Nairobi";300.0;14.08;0.0;"Cash";4.0;"2023-02-01";"15:03:00";"2023-02-01";"15:31:00"
"Westpark Towers, Parklands Road, Nairobi, Kenya";250.0;11.82;0.0;"Cash";5.0;"2023-02-01";"13:53:00";"2023-02-01";"14:14:00"
"Masjid Al-Huda - South B, Aoko Rd, Nairobi, Kenya";490.0;23.12;0.0;"Cash";8.0;"2023-02-01";"12:26:00";"2023-02-01";"12:57:00"
"Golden Gate Drive, Nairobi";640.0;25.84;0.0;"Cash";13.0;"2023-02-01";"10:18:00";"2023-02-01";"10:52:00"
"Bunyala Road, Nairobi";200.0;9.34;0.0;"Cash";3.0;"2023-02-01";"10:06:00";"2023-02-01";"10:18:00"
"Hatheru Road, Nairobi";430.0;20.35;0.0;"Cash";9.0;"2023-02-01";"09:20:00";"2023-02-01";"09:52:00"
"Bariko Industries Ltd, Nairobi, Kenya";980.0;44.92;0.0;"Cash";23.0;"2023-02-01";"07:20:00";"2023-02-01";"09:00:00"
